Lambda,Test Accuracy,Sparsity Level (%)
0.0002,40.9,93.84235032390639
0.0005,37.1,98.08910472972973
0.001,34.2,99.32919489237949
